Status,Count,Date,Available,Occupied,OutOfService,Unknown
,,01/11/2024 23:58,8955,766,478,1470
,,02/11/2024 00:07,8929,759,485,1502
,,02/11/2024 00:13,8933,750,488,1504
,,02/11/2024 00:22,8924,726,485,1540
,,02/11/2024 00:28,8952,741,488,1494
,,02/11/2024 00:37,8944,746,486,1499
,,02/11/2024 00:43,8932,747,497,1499
,,02/11/2024 00:52,8911,723,490,1551
,,02/11/2024 00:58,8956,733,489,1497
,,02/11/2024 01:07,6849,529,476,3820
,,02/11/2024 01:13,6865,532,479,3798
,,02/11/2024 01:22,6728,522,479,3945
,,02/11/2024 01:28,6882,548,479,3765
,,02/11/2024 01:37,6906,542,479,3747
,,02/11/2024 01:43,6912,548,480,3734
,,02/11/2024 01:52,6892,522,482,3778
,,02/11/2024 01:58,6933,539,480,3722
,,02/11/2024 02:07,7986,645,480,2563
,,02/11/2024 02:13,8000,639,481,2554
,,02/11/2024 02:22,7813,612,479,2770
,,02/11/2024 02:28,7982,634,479,2579
,,02/11/2024 02:37,7985,632,481,2576
,,02/11/2024 02:43,7995,633,479,2567
,,02/11/2024 02:52,7863,612,479,2720
,,02/11/2024 02:58,8001,629,481,2563
,,02/11/2024 03:07,7927,620,432,7339
,,02/11/2024 03:13,12056,961,1101,2200
,,02/11/2024 03:22,12061,959,1100,2198
,,02/11/2024 03:28,12062,959,1100,2197
,,02/11/2024 03:37,12074,961,1099,2184
,,02/11/2024 03:43,12074,962,1099,2183
,,02/11/2024 03:52,11978,939,1099,2302
,,02/11/2024 03:58,12080,958,1099,2181
,,02/11/2024 04:07,12085,954,1099,2180
,,02/11/2024 04:13,12087,953,1101,2177
,,02/11/2024 04:22,9247,715,770,5046
,,02/11/2024 04:28,12087,955,1101,2176
,,02/11/2024 04:37,12083,956,1100,2180
,,02/11/2024 04:43,12084,956,1100,2179
,,02/11/2024 04:52,11972,938,1100,2309
,,02/11/2024 04:58,12091,959,1095,2174
,,02/11/2024 05:07,12017,958,1117,2227
,,02/11/2024 05:13,12032,960,1122,2205
,,02/11/2024 05:22,12005,943,1092,2279
,,02/11/2024 05:28,12068,963,1096,2192
,,02/11/2024 05:37,12069,968,1098,2184
,,02/11/2024 05:43,12074,968,1098,2179
,,02/11/2024 05:52,11995,953,1096,2275
,,02/11/2024 05:58,12073,972,1096,2178
,,02/11/2024 06:07,12061,980,1096,2182
,,02/11/2024 06:13,12060,983,1098,2178
,,02/11/2024 06:22,12005,967,1098,2249
,,02/11/2024 06:28,12061,992,1104,2162
,,02/11/2024 06:37,12074,994,1097,2154
,,02/11/2024 06:43,12080,993,1096,2150
,,02/11/2024 06:52,12017,978,1098,2226
,,02/11/2024 06:58,12075,1000,1099,2145
,,02/11/2024 07:07,12078,1001,1101,2139
,,02/11/2024 07:13,12076,1002,1103,2138
,,02/11/2024 07:22,12032,984,1102,2201
,,02/11/2024 07:28,12089,1007,1105,2118
,,02/11/2024 07:37,12077,1031,1097,2114
,,02/11/2024 07:43,12077,1040,1097,2105
,,02/11/2024 07:52,12016,1034,1095,2174
,,02/11/2024 07:58,12071,1062,1094,2092
,,02/11/2024 08:07,12053,1086,1095,2085
,,02/11/2024 08:13,12028,1117,1094,2080
,,02/11/2024 08:22,11948,1122,1095,2154
,,02/11/2024 08:28,11987,1170,1094,2068
,,02/11/2024 08:37,11958,1200,1095,2066
,,02/11/2024 08:43,11932,1229,1096,2062
,,02/11/2024 08:52,11882,1244,1094,2099
,,02/11/2024 08:58,11873,1295,1094,2057
,,02/11/2024 09:07,11838,1347,1093,2041
,,02/11/2024 09:13,11831,1355,1095,2038
,,02/11/2024 09:22,11797,1399,1095,2028
,,02/11/2024 09:28,11756,1447,1093,2023
,,02/11/2024 09:37,11714,1488,1096,2021
,,02/11/2024 09:44,11697,1507,1094,2021
,,02/11/2024 09:52,11678,1507,1094,2040
,,02/11/2024 09:58,11668,1549,1092,2010
,,02/11/2024 10:07,11623,1591,1092,2013
,,02/11/2024 10:13,11589,1623,1094,2013
,,02/11/2024 10:22,11382,1641,1093,2203
,,02/11/2024 10:28,11522,1699,1094,2004
,,02/11/2024 10:37,11454,1765,1096,2004
,,02/11/2024 10:43,11435,1791,1094,1999
,,02/11/2024 10:52,11381,1774,1094,2070
,,02/11/2024 10:58,11418,1814,1094,1993
,,02/11/2024 11:07,11390,1846,1095,1988
,,02/11/2024 11:13,11379,1858,1098,1984
,,02/11/2024 11:22,11268,1882,1096,2073
,,02/11/2024 11:28,11331,1919,1099,1970
,,02/11/2024 11:37,11322,1927,1103,1967
,,02/11/2024 11:43,11300,1958,1099,1962
,,02/11/2024 11:52,11214,1933,1099,2073
,,02/11/2024 11:58,11302,1965,1101,1951
,,02/11/2024 12:07,11265,2005,1102,1947
,,02/11/2024 12:13,11256,2016,1100,1947
,,02/11/2024 12:22,11183,1987,1098,2051
,,02/11/2024 12:28,11255,2026,1099,1939
,,02/11/2024 12:37,11235,2044,1100,1940
,,02/11/2024 12:43,11240,2048,1100,1931
,,02/11/2024 12:52,11186,2027,1105,2001
,,02/11/2024 12:58,11227,2057,1104,1931
,,02/11/2024 13:07,11233,2062,1100,1924
,,02/11/2024 13:13,11245,2055,1098,1921
,,02/11/2024 13:22,11234,2023,1095,1967
,,02/11/2024 13:28,11281,2031,1093,1914
,,02/11/2024 13:37,11298,2013,1098,1910
,,02/11/2024 13:43,11309,2005,1096,1909
,,02/11/2024 13:52,11293,2007,1098,1921
,,02/11/2024 13:58,11281,2033,1099,1906
,,02/11/2024 14:07,11299,2016,1102,1902
,,02/11/2024 14:13,11313,2001,1103,1902
,,02/11/2024 14:22,11246,1982,1097,1994
,,02/11/2024 14:28,11323,2005,1094,1897
,,02/11/2024 14:37,11323,2003,1100,1893
,,02/11/2024 14:43,11332,1996,1100,1891
,,02/11/2024 14:52,11295,1965,1098,1961
,,02/11/2024 14:58,11347,1978,1096,1898
,,02/11/2024 15:07,11372,1959,1097,1891
,,02/11/2024 15:13,11370,1962,1098,1889
,,02/11/2024 15:22,11248,1929,1094,2048
,,02/11/2024 15:28,11386,1954,1095,1884
,,02/11/2024 15:37,11404,1934,1099,1882
,,02/11/2024 15:43,11419,1922,1099,1879
,,02/11/2024 15:52,11301,1882,1097,2039
,,02/11/2024 15:58,11445,1899,1095,1880
,,02/11/2024 16:07,11459,1875,1102,1883
,,02/11/2024 16:13,11492,1842,1098,1887
,,02/11/2024 16:22,11446,1813,1095,1965
,,02/11/2024 16:28,11514,1827,1096,1882
,,02/11/2024 16:37,11523,1829,1095,1872
,,02/11/2024 16:43,11557,1794,1098,1870
,,02/11/2024 16:52,11532,1749,1100,1938
,,02/11/2024 16:58,11595,1759,1100,1865
,,02/11/2024 17:07,11614,1734,1103,1868
,,02/11/2024 17:13,11636,1716,1099,1868
,,02/11/2024 17:22,11579,1688,1097,1955
,,02/11/2024 17:28,11664,1690,1097,1868
,,02/11/2024 17:37,11679,1673,1098,1869
,,02/11/2024 17:43,11723,1626,1098,1872
,,02/11/2024 17:52,11695,1604,1096,1924
,,02/11/2024 17:58,11757,1608,1097,1857
,,02/11/2024 18:07,11790,1580,1098,1851
,,02/11/2024 18:13,11810,1560,1098,1851
,,02/11/2024 18:22,11777,1522,1097,1923
,,02/11/2024 18:28,11851,1524,1098,1846
,,02/11/2024 18:37,11874,1506,1095,1844
,,02/11/2024 18:43,11872,1508,1095,1844
,,02/11/2024 18:52,11874,1505,1096,1844
,,02/11/2024 18:58,11882,1498,1099,1840
,,02/11/2024 19:07,11890,1488,1098,1843
,,02/11/2024 19:13,11885,1489,1101,1844
,,02/11/2024 19:22,11864,1473,1095,1887
,,02/11/2024 19:28,11889,1490,1097,1843
,,02/11/2024 19:37,11896,1480,1100,1843
,,02/11/2024 19:43,11899,1477,1101,1842
,,02/11/2024 19:52,11863,1451,1098,1907
,,02/11/2024 19:58,11911,1468,1100,1840
,,02/11/2024 20:07,11931,1447,1098,1843
,,02/11/2024 20:13,11955,1435,1089,1840
,,02/11/2024 20:22,11882,1408,1086,1943
,,02/11/2024 20:28,11978,1413,1087,1841
,,02/11/2024 20:37,11978,1410,1084,1847
,,02/11/2024 20:43,11985,1402,1086,1846
,,02/11/2024 20:52,11989,1370,1085,1875
,,02/11/2024 20:58,12015,1376,1086,1842
,,02/11/2024 21:07,12032,1358,1087,1842
,,02/11/2024 21:13,12038,1351,1087,1843
,,02/11/2024 21:22,11904,1317,1088,2010
,,02/11/2024 21:28,12054,1335,1086,1844
,,02/11/2024 21:37,12080,1312,1084,1843
,,02/11/2024 21:43,12081,1308,1084,1846
,,02/11/2024 21:52,12006,1277,1084,1952
,,02/11/2024 21:58,12104,1284,1085,1846
,,02/11/2024 22:07,12137,1250,1085,1847
,,02/11/2024 22:13,12148,1240,1085,1846
,,02/11/2024 22:22,12110,1210,1085,1914
,,02/11/2024 22:28,12172,1214,1087,1846
,,02/11/2024 22:37,12194,1190,1087,1848
,,02/11/2024 22:43,12211,1173,1087,1848
,,02/11/2024 22:52,12051,1129,1089,2050
,,02/11/2024 22:58,12240,1140,1088,1851
,,02/11/2024 23:07,12261,1123,1087,1848
,,02/11/2024 23:13,12264,1122,1085,1848
,,02/11/2024 23:22,12232,1093,1085,1909
,,02/11/2024 23:28,12282,1108,1085,1844
,,02/11/2024 23:37,12292,1094,1093,1840
,,02/11/2024 23:43,12299,1087,1093,1840
,,02/11/2024 23:52,12272,1060,1093,1894
,,02/11/2024 23:58,12311,1079,1093,1836
,,03/11/2024 00:07,12320,1070,1093,1836
,,03/11/2024 00:13,12330,1064,1091,1834
,,03/11/2024 00:22,12211,1040,1091,1977
,,03/11/2024 00:28,12335,1062,1089,1833
,,03/11/2024 00:37,12357,1041,1086,1835
,,03/11/2024 00:43,12350,1046,1089,1834
,,03/11/2024 00:52,12349,1033,1089,1848
,,03/11/2024 00:58,12358,1036,1091,1834
,,03/11/2024 01:07,10532,823,1080,3884
,,03/11/2024 01:13,10554,820,1082,3863
,,03/11/2024 01:22,10530,806,1080,3903
,,03/11/2024 01:28,10583,825,1080,3831
,,03/11/2024 01:37,10598,825,1079,3817
,,03/11/2024 01:43,10606,823,1080,3810
,,03/11/2024 01:52,10587,811,1082,3839
,,03/11/2024 01:58,10621,828,1082,3788
,,03/11/2024 02:07,11662,950,1082,2625
,,03/11/2024 02:13,11673,954,1080,2612
,,03/11/2024 02:22,11615,932,1080,2692
,,03/11/2024 02:28,11677,950,1084,2608
,,03/11/2024 02:37,11778,946,1086,2509
,,03/11/2024 02:43,11985,955,1087,2292
,,03/11/2024 02:52,11950,934,1087,2348
,,03/11/2024 02:58,11987,953,1087,2292
,,03/11/2024 03:07,9099,724,615,2041
,,03/11/2024 03:13,9099,704,637,2039
,,03/11/2024 03:22,9089,695,633,2062
,,03/11/2024 03:28,9110,700,635,2034
,,03/11/2024 03:37,9349,722,607,1801
,,03/11/2024 03:43,9348,723,605,1803
,,03/11/2024 03:52,9322,705,605,1847
,,03/11/2024 03:58,9348,717,612,1802
,,03/11/2024 04:07,9348,715,613,1803
,,03/11/2024 04:13,9350,714,612,1803
,,03/11/2024 04:22,6512,469,285,4681
,,03/11/2024 04:28,9358,714,609,1798
,,03/11/2024 04:37,9365,709,610,1795
,,03/11/2024 04:43,9371,707,606,1795
,,03/11/2024 04:52,9329,690,609,1851
,,03/11/2024 04:58,9369,710,607,1793
,,03/11/2024 05:07,9292,705,612,1870
,,03/11/2024 05:13,9295,705,609,1870
,,03/11/2024 05:22,9295,704,613,1867
,,03/11/2024 05:28,9291,707,615,1866
,,03/11/2024 05:37,9300,706,614,1859
,,03/11/2024 05:43,9299,706,617,1857
,,03/11/2024 05:52,9299,706,618,1856
,,03/11/2024 05:58,9305,706,615,1853
,,03/11/2024 06:07,9299,714,615,1851
,,03/11/2024 06:13,9298,715,615,1851
,,03/11/2024 06:22,9295,719,615,1850
,,03/11/2024 06:28,9292,719,618,1850
,,03/11/2024 06:37,9290,721,616,1852
,,03/11/2024 06:43,9294,721,615,1849
,,03/11/2024 06:52,9280,712,615,1872
,,03/11/2024 06:58,9289,724,620,1846
,,03/11/2024 07:07,9289,721,618,1851
,,03/11/2024 07:13,9292,720,616,1851
,,03/11/2024 07:22,9269,705,619,1886
,,03/11/2024 07:28,9291,718,616,1854
,,03/11/2024 07:37,9299,730,618,1832
,,03/11/2024 07:43,9310,732,614,1823
,,03/11/2024 07:52,9286,735,615,1843
,,03/11/2024 07:58,9296,751,614,1818
,,03/11/2024 08:07,9306,757,611,1805
,,03/11/2024 08:13,9296,771,610,1802
,,03/11/2024 08:22,9287,783,610,1799
,,03/11/2024 08:28,9280,795,610,1794
,,03/11/2024 08:37,9252,824,610,1793
,,03/11/2024 08:43,9234,845,610,1790
,,03/11/2024 08:52,9226,837,612,1804
,,03/11/2024 08:58,9234,848,613,1784
,,03/11/2024 09:07,9211,875,612,1781
,,03/11/2024 09:13,9194,891,613,1781
,,03/11/2024 09:22,9076,895,612,1896
,,03/11/2024 09:28,9158,934,612,1775
,,03/11/2024 09:37,9126,958,614,1781
,,03/11/2024 09:43,9118,973,615,1773
,,03/11/2024 09:52,9094,997,615,1773
,,03/11/2024 09:58,9080,1014,613,1772
,,03/11/2024 10:07,9071,1028,613,1767
,,03/11/2024 10:13,9053,1044,613,1769
,,03/11/2024 10:22,9032,1061,610,1776
,,03/11/2024 10:28,9033,1074,609,1763
,,03/11/2024 10:37,9017,1093,613,1756
,,03/11/2024 10:43,9002,1108,614,1755
,,03/11/2024 10:52,9005,1119,613,1742
,,03/11/2024 10:58,8968,1153,613,1745
,,03/11/2024 11:07,8903,1211,616,1749
,,03/11/2024 11:13,8892,1225,620,1742
,,03/11/2024 11:22,8844,1213,616,1806
,,03/11/2024 11:28,8886,1236,617,1740
,,03/11/2024 11:37,8895,1232,617,1735
,,03/11/2024 11:43,8881,1249,617,1732
,,03/11/2024 11:52,8865,1270,617,1727
,,03/11/2024 11:58,8872,1273,615,1719
,,03/11/2024 12:07,8838,1303,620,1718
,,03/11/2024 12:13,8845,1298,620,1716
,,03/11/2024 12:22,8769,1288,616,1806
,,03/11/2024 12:28,8827,1320,615,1717
,,03/11/2024 12:37,8824,1320,622,1713
,,03/11/2024 12:43,8822,1328,616,1713
,,03/11/2024 12:52,8819,1333,618,1709
,,03/11/2024 12:58,8812,1343,617,1707
,,03/11/2024 13:07,8786,1356,627,1710
,,03/11/2024 13:13,8781,1370,623,1705
,,03/11/2024 13:22,8751,1354,617,1757
,,03/11/2024 13:28,8780,1376,616,1707
,,03/11/2024 13:37,8764,1389,618,1708
,,03/11/2024 13:43,8776,1375,617,1711
,,03/11/2024 13:52,8765,1379,617,1718
,,03/11/2024 13:58,8770,1386,618,1705
,,03/11/2024 14:07,8818,1345,616,1700
,,03/11/2024 14:13,8827,1330,623,1699
,,03/11/2024 14:22,8836,1332,616,1695
,,03/11/2024 14:28,8843,1328,615,1693
,,03/11/2024 14:37,8850,1319,614,1696
,,03/11/2024 14:43,8863,1308,612,1696
,,03/11/2024 14:52,8774,1286,612,1807
,,03/11/2024 14:58,8878,1296,612,1693
,,03/11/2024 15:07,8867,1302,613,1697
,,03/11/2024 15:13,8864,1306,612,1697
,,03/11/2024 15:22,8861,1309,610,1699
,,03/11/2024 15:28,8868,1301,609,1701
,,03/11/2024 15:37,8870,1295,615,1699
,,03/11/2024 15:43,8861,1308,611,1699
,,03/11/2024 15:52,8854,1316,615,1694
,,03/11/2024 15:58,8856,1318,613,1692
,,03/11/2024 16:07,8866,1308,613,1692
,,03/11/2024 16:13,8880,1300,609,1690
,,03/11/2024 16:22,8878,1306,610,1685
,,03/11/2024 16:28,8882,1307,606,1684
,,03/11/2024 16:37,8929,1265,605,1680
,,03/11/2024 16:43,8955,1240,605,1679
,,03/11/2024 16:52,8958,1234,605,1682
,,03/11/2024 16:58,8940,1254,604,1681
,,03/11/2024 17:07,8930,1256,607,1686
,,03/11/2024 17:13,8943,1238,612,1686
,,03/11/2024 17:22,8923,1212,611,1733
,,03/11/2024 17:28,8969,1212,611,1687
,,03/11/2024 17:37,8999,1177,615,1688
,,03/11/2024 17:43,9008,1164,616,1691
,,03/11/2024 17:52,8931,1147,613,1788
,,03/11/2024 17:58,9040,1141,613,1685
,,03/11/2024 18:07,9049,1138,611,1681
,,03/11/2024 18:13,9055,1132,613,1679
,,03/11/2024 18:22,9063,1122,614,1680
,,03/11/2024 18:28,9068,1117,615,1679
,,03/11/2024 18:37,9084,1105,610,1680
,,03/11/2024 18:43,9106,1084,609,1680
,,03/11/2024 18:52,9081,1079,610,1709
,,03/11/2024 18:58,9118,1073,610,1678
,,03/11/2024 19:07,9124,1071,606,1678
,,03/11/2024 19:13,9135,1059,608,1677
,,03/11/2024 19:22,9076,1038,607,1758
,,03/11/2024 19:28,9164,1032,607,1676
,,03/11/2024 19:37,9179,1011,612,1677
,,03/11/2024 19:43,9182,1010,610,1677
,,03/11/2024 19:52,9051,1013,610,1805
,,03/11/2024 19:58,9174,1018,610,1677
,,03/11/2024 20:07,9194,1000,610,1675
,,03/11/2024 20:13,9195,990,613,1681
,,03/11/2024 20:22,9126,968,615,1770
,,03/11/2024 20:28,9225,961,610,1683
,,03/11/2024 20:37,9243,943,611,1682
,,03/11/2024 20:43,9262,924,611,1682
,,03/11/2024 20:52,9166,899,613,1801
,,03/11/2024 20:58,9286,905,612,1676
,,03/11/2024 21:07,9337,853,611,1678
,,03/11/2024 21:13,9340,852,608,1679
,,03/11/2024 21:22,9249,830,605,1795
,,03/11/2024 21:28,9371,828,603,1677
,,03/11/2024 21:37,9395,802,605,1677
,,03/11/2024 21:44,9404,791,607,1677
,,03/11/2024 21:52,9360,780,605,1734
,,03/11/2024 21:58,9423,768,610,1678
,,03/11/2024 22:07,9444,752,610,1673
,,03/11/2024 22:13,9451,745,610,1673
,,03/11/2024 22:22,9330,736,611,1802
,,03/11/2024 22:28,9463,731,613,1672
,,03/11/2024 22:37,9492,706,610,1671
,,03/11/2024 22:43,9500,699,610,1670
,,03/11/2024 22:52,9278,692,609,1900
,,03/11/2024 22:58,9513,687,609,1670
,,03/11/2024 23:07,9523,677,610,1669
,,03/11/2024 23:13,9529,670,611,1669
,,03/11/2024 23:22,9449,665,610,1755
,,03/11/2024 23:28,9532,667,613,1667
,,03/11/2024 23:37,9530,663,612,1674
,,03/11/2024 23:43,9532,657,615,1675
,,03/11/2024 23:52,9484,649,611,1735
,,03/11/2024 23:58,9544,648,613,1674
,,04/11/2024 00:07,9568,651,614,1646
,,04/11/2024 00:13,9561,652,621,1645
,,04/11/2024 00:22,9527,653,618,1681
,,04/11/2024 00:28,9560,656,613,1650
,,04/11/2024 00:37,9559,658,611,1651
,,04/11/2024 00:43,9562,652,612,1653
,,04/11/2024 00:52,9487,645,612,1735
,,04/11/2024 00:58,9568,648,611,1652
,,04/11/2024 01:07,9718,642,613,1506
,,04/11/2024 01:13,9714,643,617,1505
,,04/11/2024 01:22,9711,642,618,1508
,,04/11/2024 01:28,9715,640,616,1508
,,04/11/2024 01:37,9719,641,614,1505
,,04/11/2024 01:43,9720,640,613,1506
,,04/11/2024 01:52,9647,635,613,1584
,,04/11/2024 01:59,9727,642,614,1496
,,04/11/2024 02:07,9722,644,616,1497
,,04/11/2024 02:13,9726,641,616,1496
,,04/11/2024 02:22,9626,637,616,1600
,,04/11/2024 02:28,9719,642,616,1502
,,04/11/2024 02:37,9710,644,616,1509
,,04/11/2024 02:43,9715,643,612,1509
,,04/11/2024 02:52,9674,636,612,1557
,,04/11/2024 02:58,9714,639,611,1515
,,04/11/2024 03:07,8650,560,422,6686
,,04/11/2024 03:13,12762,860,1132,1564
,,04/11/2024 03:22,12714,860,1131,1613
,,04/11/2024 03:28,12748,864,1131,1575
,,04/11/2024 03:37,12753,864,1132,1569
,,04/11/2024 03:43,12748,863,1132,1575
,,04/11/2024 03:52,12699,858,1131,1630
,,04/11/2024 03:58,12750,864,1131,1573
,,04/11/2024 04:07,12771,864,1135,1548
,,04/11/2024 04:13,12774,861,1137,1546
,,04/11/2024 04:22,9899,661,808,4418
,,04/11/2024 04:28,12775,864,1135,1546
,,04/11/2024 04:37,12777,862,1136,1545
,,04/11/2024 04:43,12777,863,1135,1545
,,04/11/2024 04:52,12720,859,1135,1606
,,04/11/2024 04:58,12777,868,1130,1545
,,04/11/2024 05:07,12664,865,1130,1661
,,04/11/2024 05:13,12671,864,1128,1657
,,04/11/2024 05:22,12644,863,1127,1686
,,04/11/2024 05:28,12666,866,1131,1657
,,04/11/2024 05:37,12662,866,1137,1655
,,04/11/2024 05:43,12663,867,1138,1652
,,04/11/2024 05:52,12552,878,1138,1752
,,04/11/2024 05:58,12645,893,1131,1651
,,04/11/2024 06:07,12623,908,1128,1661
,,04/11/2024 06:13,12622,914,1128,1656
,,04/11/2024 06:22,12512,918,1128,1762
,,04/11/2024 06:28,12613,930,1126,1651
,,04/11/2024 06:37,12588,945,1127,1660
,,04/11/2024 06:43,12574,956,1129,1661
,,04/11/2024 06:52,12482,966,1130,1742
,,04/11/2024 06:58,12557,984,1130,1649
,,04/11/2024 07:07,12542,1018,1133,1627
,,04/11/2024 07:13,12526,1036,1131,1627
,,04/11/2024 07:22,12472,1054,1137,1657
,,04/11/2024 07:28,12474,1086,1137,1623
,,04/11/2024 07:37,12426,1136,1133,1625
,,04/11/2024 07:43,12401,1158,1136,1625
,,04/11/2024 07:52,12318,1191,1136,1675
,,04/11/2024 07:58,12333,1218,1137,1632
,,04/11/2024 08:07,12298,1266,1137,1619
,,04/11/2024 08:13,12277,1302,1137,1604
,,04/11/2024 08:22,12239,1344,1134,1603
,,04/11/2024 08:28,12197,1389,1133,1601
,,04/11/2024 08:37,12127,1459,1133,1601
,,04/11/2024 08:43,12075,1512,1133,1600
,,04/11/2024 08:52,11943,1555,1135,1687
,,04/11/2024 08:58,11994,1596,1135,1595
,,04/11/2024 09:07,11941,1659,1136,1584
,,04/11/2024 09:13,11926,1676,1134,1584
,,04/11/2024 09:22,11876,1696,1134,1614
,,04/11/2024 09:29,11869,1734,1135,1582
,,04/11/2024 09:37,11823,1780,1134,1583
,,04/11/2024 09:43,11827,1784,1127,1582
,,04/11/2024 09:52,11776,1772,1130,1642
,,04/11/2024 09:58,11815,1794,1129,1582
,,04/11/2024 10:07,11814,1791,1130,1585
,,04/11/2024 10:13,11814,1795,1129,1582
,,04/11/2024 10:22,11796,1780,1130,1614
,,04/11/2024 10:28,11821,1781,1138,1580
,,04/11/2024 10:37,11814,1791,1134,1581
,,04/11/2024 10:43,11790,1807,1137,1586
,,04/11/2024 10:52,11687,1784,1138,1711
,,04/11/2024 10:58,11804,1792,1140,1584
,,04/11/2024 11:07,11799,1800,1139,1582
,,04/11/2024 11:13,11805,1791,1139,1585
,,04/11/2024 11:22,11802,1787,1143,1588
,,04/11/2024 11:28,11809,1775,1145,1591
,,04/11/2024 11:37,11824,1768,1141,1587
,,04/11/2024 11:43,11823,1771,1140,1586
,,04/11/2024 11:52,11805,1763,1141,1611
,,04/11/2024 11:58,11820,1773,1139,1588
,,04/11/2024 12:07,11844,1748,1137,1591
,,04/11/2024 12:13,11836,1757,1135,1592
,,04/11/2024 12:22,11823,1758,1138,1601
,,04/11/2024 12:28,11831,1749,1140,1600
,,04/11/2024 12:37,11836,1757,1138,1589
,,04/11/2024 12:43,11843,1754,1135,1588
,,04/11/2024 12:52,11741,1748,1131,1700
,,04/11/2024 12:58,11853,1748,1131,1588
,,04/11/2024 13:07,11873,1732,1132,1586
,,04/11/2024 13:13,11897,1711,1131,1584
,,04/11/2024 13:22,11884,1707,1134,1598
,,04/11/2024 13:28,11892,1713,1132,1586
,,04/11/2024 13:37,11905,1701,1136,1583
,,04/11/2024 13:43,11913,1694,1135,1583
,,04/11/2024 13:52,11843,1680,1134,1668
,,04/11/2024 13:58,11906,1704,1136,1579
,,04/11/2024 14:07,11894,1719,1138,1574
,,04/11/2024 14:13,11886,1724,1136,1579
,,04/11/2024 14:22,11828,1718,1138,1641
,,04/11/2024 14:28,11898,1711,1138,1578
,,04/11/2024 14:37,11896,1711,1131,1587
,,04/11/2024 14:43,11897,1718,1132,1578
,,04/11/2024 14:52,11813,1706,1130,1676
,,04/11/2024 14:58,11906,1707,1136,1576
,,04/11/2024 15:07,11926,1687,1136,1580
,,04/11/2024 15:13,11940,1676,1135,1578
,,04/11/2024 15:22,11961,1659,1133,1576
,,04/11/2024 15:28,11969,1647,1135,1578
,,04/11/2024 15:37,11987,1628,1132,1582
,,04/11/2024 15:43,11995,1624,1130,1580
,,04/11/2024 15:52,12006,1614,1130,1579
,,04/11/2024 15:58,12009,1604,1133,1583
,,04/11/2024 16:07,12027,1590,1132,1580
,,04/11/2024 16:13,12042,1571,1138,1578
,,04/11/2024 16:22,12052,1563,1137,1577
,,04/11/2024 16:28,12059,1556,1135,1579
,,04/11/2024 16:37,12057,1554,1141,1577
,,04/11/2024 16:43,12063,1546,1143,1577
,,04/11/2024 16:52,11900,1535,1139,1755
,,04/11/2024 16:58,12076,1546,1137,1570
,,04/11/2024 17:07,12117,1507,1133,1572
,,04/11/2024 17:13,12135,1491,1133,1570
,,04/11/2024 17:22,12154,1480,1131,1564
,,04/11/2024 17:28,12170,1464,1132,1563
,,04/11/2024 17:37,12184,1452,1128,1565
,,04/11/2024 17:43,12184,1450,1130,1565
,,04/11/2024 17:52,12098,1433,1132,1666
,,04/11/2024 17:58,12225,1406,1135,1563
,,04/11/2024 18:07,12259,1408,1137,1525
,,04/11/2024 18:13,12280,1386,1138,1525
,,04/11/2024 18:22,12189,1382,1136,1622
,,04/11/2024 18:28,12293,1381,1131,1524
,,04/11/2024 18:37,12304,1365,1132,1528
,,04/11/2024 18:43,12312,1357,1131,1529
,,04/11/2024 18:52,12225,1334,1128,1642
,,04/11/2024 18:58,12323,1343,1135,1528
,,04/11/2024 19:07,12351,1327,1134,1517
,,04/11/2024 19:13,12370,1317,1126,1516
,,04/11/2024 19:22,12210,1302,1127,1690
,,04/11/2024 19:28,12372,1314,1127,1516
,,04/11/2024 19:37,12399,1286,1129,1515
,,04/11/2024 19:43,12415,1271,1128,1515
,,04/11/2024 19:52,12423,1262,1128,1516
,,04/11/2024 19:58,12440,1246,1128,1515
,,04/11/2024 20:07,12448,1236,1130,1515
,,04/11/2024 20:13,12459,1222,1132,1516
,,04/11/2024 20:22,12467,1215,1131,1516
,,04/11/2024 20:28,12473,1208,1133,1515
,,04/11/2024 20:37,12482,1189,1134,1524
,,04/11/2024 20:43,12482,1186,1137,1524
,,04/11/2024 20:52,12462,1167,1133,1567
,,04/11/2024 20:58,12521,1156,1132,1520
,,04/11/2024 21:07,12539,1136,1132,1522
,,04/11/2024 21:13,12555,1119,1134,1521
,,04/11/2024 21:22,12452,1098,1129,1650
,,04/11/2024 21:28,12580,1098,1130,1521
,,04/11/2024 21:37,12607,1071,1132,1519
,,04/11/2024 21:43,12606,1073,1132,1518
,,04/11/2024 21:52,12472,1041,1132,1684
,,04/11/2024 21:58,12641,1040,1130,1518
,,04/11/2024 22:07,12660,1024,1130,1515
,,04/11/2024 22:13,12675,1009,1132,1513
,,04/11/2024 22:22,12550,1002,1133,1644
,,04/11/2024 22:28,12677,1006,1133,1513
,,04/11/2024 22:37,12687,998,1131,1513
,,04/11/2024 22:43,12696,988,1133,1512
,,04/11/2024 22:52,12588,963,1134,1644
,,04/11/2024 22:58,12720,958,1134,1517
,,04/11/2024 23:07,12734,949,1135,1511
,,04/11/2024 23:13,12741,946,1131,1511
,,04/11/2024 23:22,12748,938,1132,1511
,,04/11/2024 23:28,12747,939,1132,1511
,,04/11/2024 23:37,12758,929,1131,1511
,,04/11/2024 23:43,12762,925,1131,1511
,,04/11/2024 23:52,12760,927,1131,1511
,,04/11/2024 23:58,12761,926,1131,1511
,,05/11/2024 00:07,12756,930,1130,1513
,,05/11/2024 00:13,12755,931,1130,1513
,,05/11/2024 00:22,12718,921,1130,1560
,,05/11/2024 00:28,12763,922,1130,1514
,,05/11/2024 00:37,12758,923,1131,1517
,,05/11/2024 00:43,12754,927,1132,1516
,,05/11/2024 00:52,12643,919,1130,1637
,,05/11/2024 00:58,12721,922,1130,1556
,,05/11/2024 01:07,12755,918,1131,1517
,,05/11/2024 01:13,12752,919,1133,1517
,,05/11/2024 01:22,12751,918,1131,1521
,,05/11/2024 01:28,12755,917,1131,1518
,,05/11/2024 01:38,12760,913,1134,1514
,,05/11/2024 01:48,12758,913,1134,1516
,,05/11/2024 01:53,12757,911,1137,1516
,,05/11/2024 02:03,12748,916,1137,1520
,,05/11/2024 02:08,12750,915,1136,1520
,,05/11/2024 02:18,12751,915,1135,1520
,,05/11/2024 02:23,12746,916,1135,1524
,,05/11/2024 02:33,12751,915,1135,1520
,,05/11/2024 02:38,12755,916,1133,1517
,,05/11/2024 02:48,12760,911,1134,1516
,,05/11/2024 02:53,12760,908,1137,1516
,,05/11/2024 03:03,8316,586,423,6989
,,05/11/2024 03:08,12788,904,1091,1531
,,05/11/2024 03:18,12787,903,1091,1533
,,05/11/2024 03:23,12788,903,1091,1532
,,05/11/2024 03:33,12789,903,1090,1532
,,05/11/2024 03:38,12789,903,1090,1532
,,05/11/2024 03:48,12789,901,1092,1532
,,05/11/2024 03:53,12787,899,1096,1532
,,05/11/2024 04:04,12785,904,1094,1531
,,05/11/2024 04:08,12784,905,1094,1531
,,05/11/2024 04:18,10020,678,762,2720
,,05/11/2024 04:23,10020,678,762,4848
,,05/11/2024 04:33,12789,897,1092,1530
,,05/11/2024 04:43,12793,891,1094,1530
,,05/11/2024 04:52,12633,887,1091,1697
,,05/11/2024 04:58,12795,894,1085,1534
,,05/11/2024 05:07,12672,893,1084,1661
,,05/11/2024 05:13,12675,890,1084,1661
,,05/11/2024 05:22,12443,883,1086,1898
,,05/11/2024 05:28,12674,885,1091,1660
,,05/11/2024 05:37,12671,886,1096,1657
,,05/11/2024 05:43,12671,890,1094,1655
,,05/11/2024 05:52,12624,892,1094,1700
,,05/11/2024 05:58,12667,907,1092,1644
,,05/11/2024 06:07,12658,917,1087,1648
,,05/11/2024 06:13,12661,928,1091,1630
,,05/11/2024 06:22,12547,923,1095,1745
,,05/11/2024 06:28,12650,947,1093,1620
,,05/11/2024 06:37,12631,965,1092,1622
,,05/11/2024 06:43,12630,967,1094,1619
,,05/11/2024 06:52,12523,959,1094,1734
,,05/11/2024 06:59,12637,971,1091,1611
,,05/11/2024 07:07,12620,997,1091,1602
,,05/11/2024 07:13,12582,1034,1089,1605
,,05/11/2024 07:22,12524,1044,1091,1651
,,05/11/2024 07:28,12558,1063,1091,1598
,,05/11/2024 07:37,12526,1086,1093,1605
,,05/11/2024 07:43,12494,1119,1094,1603
,,05/11/2024 07:52,12460,1144,1095,1611
,,05/11/2024 07:59,12438,1172,1091,1609
,,05/11/2024 08:07,12397,1233,1092,1588
,,05/11/2024 08:13,12345,1285,1093,1587
,,05/11/2024 08:22,12199,1324,1091,1696
,,05/11/2024 08:28,12261,1374,1092,1583
,,05/11/2024 08:37,12217,1426,1091,1576
,,05/11/2024 08:43,12186,1453,1094,1577
,,05/11/2024 08:52,12118,1480,1095,1617
,,05/11/2024 08:58,12106,1534,1096,1574
,,05/11/2024 09:07,12065,1562,1104,1579
,,05/11/2024 09:13,12024,1613,1096,1577
,,05/11/2024 09:22,12000,1638,1098,1574
,,05/11/2024 09:28,11995,1649,1096,1570
,,05/11/2024 09:37,11957,1685,1104,1564
,,05/11/2024 09:43,11961,1687,1098,1564
,,05/11/2024 09:52,11871,1695,1095,1649
,,05/11/2024 09:58,11870,1686,1186,1568
,,05/11/2024 10:07,11929,1723,1093,1565
,,05/11/2024 10:13,11873,1728,1093,1616
,,05/11/2024 10:22,11867,1752,1092,1599
,,05/11/2024 10:28,11896,1766,1092,1556
,,05/11/2024 10:37,11904,1757,1093,1556
,,05/11/2024 10:43,11883,1762,1107,1558
,,05/11/2024 10:52,11742,1763,1107,1698
,,05/11/2024 10:58,11872,1773,1107,1558
,,05/11/2024 11:07,11870,1775,1103,1562
,,05/11/2024 11:13,11880,1766,1103,1561
,,05/11/2024 11:22,11776,1758,1104,1672
,,05/11/2024 11:28,11891,1751,1106,1562
,,05/11/2024 11:37,11888,1751,1112,1559
,,05/11/2024 11:43,11909,1736,1108,1557
,,05/11/2024 11:52,11752,1735,1111,1712
,,05/11/2024 11:58,11904,1742,1108,1556
,,05/11/2024 12:07,11880,1754,1111,1565
,,05/11/2024 12:13,11894,1747,1106,1563
,,05/11/2024 12:22,11780,1740,1105,1685
,,05/11/2024 12:28,11886,1754,1105,1565
,,05/11/2024 12:37,11875,1767,1105,1563
,,05/11/2024 12:43,11890,1752,1107,1561
,,05/11/2024 12:52,11870,1748,1107,1585
,,05/11/2024 12:58,11900,1739,1111,1560
,,05/11/2024 13:07,11896,1744,1111,1559
,,05/11/2024 13:13,11916,1724,1109,1561
,,05/11/2024 13:22,11917,1706,1112,1575
,,05/11/2024 13:28,11896,1707,1112,1595
,,05/11/2024 13:37,11959,1681,1110,1560
,,05/11/2024 13:43,11972,1669,1109,1560
,,05/11/2024 13:52,11799,1670,1107,1734
,,05/11/2024 13:58,11964,1682,1109,1555
,,05/11/2024 14:07,11985,1670,1104,1551
,,05/11/2024 14:13,11974,1678,1104,1554
,,05/11/2024 14:22,11965,1690,1105,1550
,,05/11/2024 14:28,11953,1702,1105,1550
,,05/11/2024 14:37,11923,1720,1113,1554
,,05/11/2024 14:43,11923,1718,1116,1553
,,05/11/2024 14:52,11848,1707,1109,1646
,,05/11/2024 14:58,11936,1710,1109,1555
,,05/11/2024 15:07,11969,1694,1092,1555
,,05/11/2024 15:13,11972,1691,1092,1555
,,05/11/2024 15:22,11909,1672,1090,1639
,,05/11/2024 15:28,12001,1666,1088,1555
,,05/11/2024 15:37,12025,1646,1088,1551
,,05/11/2024 15:43,12027,1645,1087,1551
,,05/11/2024 15:52,12028,1645,1087,1550
,,05/11/2024 15:58,12034,1640,1086,1550
,,05/11/2024 16:07,12043,1629,1089,1549
,,05/11/2024 16:13,12070,1603,1088,1549
,,05/11/2024 16:22,12069,1603,1088,1550
,,05/11/2024 16:28,12091,1582,1086,1551
,,05/11/2024 16:37,12094,1575,1087,1554
,,05/11/2024 16:43,12109,1563,1085,1553
,,05/11/2024 16:52,12113,1547,1082,1568
,,05/11/2024 16:58,12145,1529,1084,1552
,,05/11/2024 17:07,12177,1506,1082,1545
,,05/11/2024 17:13,12182,1496,1089,1543
,,05/11/2024 17:22,12171,1473,1092,1574
,,05/11/2024 17:28,12218,1460,1090,1542
,,05/11/2024 17:37,12242,1434,1084,1550
,,05/11/2024 17:43,12236,1442,1082,1550
,,05/11/2024 17:52,12231,1447,1081,1551
,,05/11/2024 17:58,12251,1429,1082,1548
,,05/11/2024 18:07,12334,1387,1082,1507
,,05/11/2024 18:13,12331,1381,1083,1515
,,05/11/2024 18:22,12304,1375,1082,1549
,,05/11/2024 18:28,12351,1363,1080,1516
,,05/11/2024 18:37,12336,1378,1078,1518
,,05/11/2024 18:43,12336,1379,1078,1517
,,05/11/2024 18:52,12291,1382,1075,1562
,,05/11/2024 18:58,12345,1372,1077,1516
,,05/11/2024 19:07,12368,1353,1078,1511
,,05/11/2024 19:13,12377,1345,1078,1510
,,05/11/2024 19:22,12218,1333,1077,1682
,,05/11/2024 19:28,12373,1347,1077,1513
,,05/11/2024 19:37,12404,1314,1073,1519
,,05/11/2024 19:43,12414,1303,1075,1518
,,05/11/2024 19:52,12402,1293,1076,1539
,,05/11/2024 19:58,12418,1302,1071,1519
,,05/11/2024 20:07,12464,1258,1072,1516
,,05/11/2024 20:13,12469,1252,1073,1516
,,05/11/2024 20:22,12479,1238,1075,1518
,,05/11/2024 20:28,12483,1231,1075,1521
,,05/11/2024 20:37,12501,1214,1077,1518
,,05/11/2024 20:43,12516,1197,1079,1518
,,05/11/2024 20:52,12484,1170,1077,1579
,,05/11/2024 20:58,12546,1171,1075,1518
,,05/11/2024 21:07,12562,1153,1074,1521
,,05/11/2024 21:13,12588,1125,1076,1521
,,05/11/2024 21:22,12540,1103,1072,1595
,,05/11/2024 21:28,12617,1100,1073,1520
,,05/11/2024 21:37,12639,1078,1074,1519
,,05/11/2024 21:43,12659,1058,1074,1519
,,05/11/2024 21:52,12545,1054,1078,1633
,,05/11/2024 21:58,12656,1055,1080,1519
,,05/11/2024 22:07,12680,1034,1080,1516
,,05/11/2024 22:13,12703,1010,1080,1517
,,05/11/2024 22:22,12713,1003,1078,1516
,,05/11/2024 22:28,12708,1009,1078,1515
,,05/11/2024 22:37,12726,991,1077,1516
,,05/11/2024 22:43,12741,974,1078,1517
,,05/11/2024 22:52,12724,959,1079,1548
,,05/11/2024 22:58,12757,957,1079,1517
,,05/11/2024 23:07,12754,960,1079,1517
,,05/11/2024 23:13,12756,958,1079,1517
,,05/11/2024 23:22,12750,944,1077,1539
,,05/11/2024 23:28,12779,936,1079,1516
,,05/11/2024 23:37,12788,922,1080,1520
,,05/11/2024 23:43,12793,917,1080,1520
,,05/11/2024 23:52,12793,917,1080,1520
,,05/11/2024 23:58,12796,909,1080,1525
,,06/11/2024 00:07,12808,903,1086,1513
,,06/11/2024 00:13,12809,900,1089,1512
,,06/11/2024 00:22,12803,905,1089,1513
,,06/11/2024 00:28,12798,907,1089,1516
,,06/11/2024 00:37,12799,904,1089,1518
,,06/11/2024 00:43,12798,905,1089,1518
,,06/11/2024 00:52,12668,897,1087,1658
,,06/11/2024 00:58,12799,907,1087,1517
,,06/11/2024 01:07,10657,733,1075,3824
,,06/11/2024 01:13,10672,735,1080,3802
,,06/11/2024 01:22,10553,735,1080,3921
,,06/11/2024 01:28,10703,745,1083,3758
,,06/11/2024 01:37,10713,750,1081,3745
,,06/11/2024 01:43,10721,752,1081,3735
,,06/11/2024 01:52,10730,752,1081,3726
,,06/11/2024 01:59,10714,774,1081,3720
,,06/11/2024 02:07,11786,865,1083,2555
,,06/11/2024 02:13,11796,867,1082,2544
,,06/11/2024 02:22,11724,861,1084,2620
,,06/11/2024 02:28,11793,865,1086,2545
,,06/11/2024 02:37,11785,865,1089,2550
,,06/11/2024 02:43,11786,865,1089,2549
,,06/11/2024 02:52,11752,860,1090,2587
,,06/11/2024 02:58,11790,864,1090,2545
,,06/11/2024 03:07,6463,486,415,8930
,,06/11/2024 03:13,10605,810,1074,3805
,,06/11/2024 03:22,10545,805,1073,3871
,,06/11/2024 03:28,10610,811,1070,3803
,,06/11/2024 03:37,12181,921,1094,2098
,,06/11/2024 03:43,12184,918,1095,2097
,,06/11/2024 03:52,12092,916,1091,2195
,,06/11/2024 03:58,12190,917,1091,2096
,,06/11/2024 04:07,12196,917,1089,2092
,,06/11/2024 04:13,12201,912,1089,2092
,,06/11/2024 04:22,9394,671,771,4930
,,06/11/2024 04:28,12205,911,1094,2091
,,06/11/2024 04:37,12205,914,1094,2088
,,06/11/2024 04:43,12202,912,1098,2089
,,06/11/2024 04:52,12050,904,1096,2251
,,06/11/2024 04:58,12207,913,1094,2087
,,06/11/2024 05:07,12089,910,1088,2214
,,06/11/2024 05:13,12091,915,1088,2207
,,06/11/2024 05:22,12061,910,1086,2244
,,06/11/2024 05:28,12098,910,1090,2203
,,06/11/2024 05:37,12098,915,1090,2198
,,06/11/2024 05:44,12098,920,1086,2197
,,06/11/2024 05:52,12061,923,1085,2232
,,06/11/2024 05:58,12105,930,1085,2181
,,06/11/2024 06:07,12072,955,1084,2190
,,06/11/2024 06:13,12066,962,1089,2184
,,06/11/2024 06:22,12071,966,1084,2180
,,06/11/2024 06:28,12067,977,1083,2174
,,06/11/2024 06:37,12064,985,1084,2168
,,06/11/2024 06:43,12056,995,1084,2166
,,06/11/2024 06:52,11866,1000,1082,2353
,,06/11/2024 06:58,12049,1022,1070,2160
,,06/11/2024 07:07,12029,1047,1069,2156
,,06/11/2024 07:13,12010,1072,1069,2150
,,06/11/2024 07:22,11864,1075,1069,2293
,,06/11/2024 07:28,11981,1117,1069,2134
,,06/11/2024 07:37,11964,1150,1071,2116
,,06/11/2024 07:43,11915,1201,1073,2112
,,06/11/2024 07:52,11729,1206,1071,2295
,,06/11/2024 07:58,11870,1257,1074,2100
,,06/11/2024 08:07,11835,1317,1071,2079
,,06/11/2024 08:13,11800,1362,1071,2069
,,06/11/2024 08:22,11656,1403,1071,2172
,,06/11/2024 08:28,11705,1457,1077,2063
,,06/11/2024 08:37,11662,1512,1076,2052
,,06/11/2024 08:43,11645,1544,1077,2036
,,06/11/2024 08:52,11472,1574,1079,2177
,,06/11/2024 08:58,11597,1611,1077,2017
,,06/11/2024 09:07,11565,1648,1075,2014
,,06/11/2024 09:13,11531,1688,1076,2007
,,06/11/2024 09:22,11410,1721,1076,2095
,,06/11/2024 09:28,11510,1732,1076,1984
,,06/11/2024 09:37,11476,1763,1080,1983
,,06/11/2024 09:43,11470,1771,1080,1981
,,06/11/2024 09:52,11374,1782,1080,2066
,,06/11/2024 09:58,11439,1800,1081,1982
,,06/11/2024 10:07,11405,1812,1093,1992
,,06/11/2024 10:13,11395,1823,1094,1990
,,06/11/2024 10:22,11404,1822,1087,1989
,,06/11/2024 10:28,11383,1839,1090,1990
,,06/11/2024 10:37,11388,1856,1081,1977
,,06/11/2024 10:43,11397,1851,1082,1972
,,06/11/2024 10:52,11266,1840,1083,2113
,,06/11/2024 10:58,11433,1838,1082,1949
,,06/11/2024 11:07,11448,1832,1079,1943
,,06/11/2024 11:13,11454,1821,1079,1948
,,06/11/2024 11:22,11390,1822,1084,2006
,,06/11/2024 11:28,11476,1813,1082,1931
,,06/11/2024 11:37,11452,1842,1083,1925
,,06/11/2024 11:43,11460,1836,1079,1927
,,06/11/2024 11:52,11360,1833,1078,2031
,,06/11/2024 11:58,11469,1830,1081,1922
,,06/11/2024 12:07,11474,1815,1081,1932
,,06/11/2024 12:13,11476,1816,1079,1931
,,06/11/2024 12:22,11432,1820,1079,1971
,,06/11/2024 12:28,11483,1822,1076,1921
,,06/11/2024 12:37,11203,1810,1072,2217
,,06/11/2024 12:43,11228,1785,1072,2217
,,06/11/2024 12:52,11125,1770,1075,2332
,,06/11/2024 12:58,11254,1766,1078,2204
,,06/11/2024 13:07,11559,1773,1075,1895
,,06/11/2024 13:13,11565,1770,1074,1893
,,06/11/2024 13:22,11486,1722,1073,2021
,,06/11/2024 13:28,11621,1718,1074,1889
,,06/11/2024 13:37,11647,1699,1070,1886
,,06/11/2024 13:44,11654,1689,1074,1885
,,06/11/2024 13:52,11631,1703,1075,1893
,,06/11/2024 13:58,11632,1724,1072,1874
,,06/11/2024 14:07,11614,1731,1072,1885
,,06/11/2024 14:14,11619,1727,1074,1882
,,06/11/2024 14:22,11574,1727,1072,1929
,,06/11/2024 14:28,11605,1747,1070,1880
,,06/11/2024 14:37,11638,1727,1071,1866
,,06/11/2024 14:43,11625,1738,1071,1868
,,06/11/2024 14:52,11643,1728,1069,1862
,,06/11/2024 14:58,11642,1729,1067,1864
,,06/11/2024 15:07,11624,1743,1071,1864
,,06/11/2024 15:13,11639,1728,1073,1862
,,06/11/2024 15:22,11623,1717,1071,1891
,,06/11/2024 15:28,11664,1710,1067,1861
,,06/11/2024 15:37,11631,1698,1117,1856
,,06/11/2024 15:43,11473,1682,1289,1858
,,06/11/2024 15:52,11613,1692,1065,1932
,,06/11/2024 15:58,11704,1683,1064,1851
,,06/11/2024 16:07,11721,1664,1064,1853
,,06/11/2024 16:13,11708,1679,1062,1853
,,06/11/2024 16:22,11714,1675,1061,1852
,,06/11/2024 16:28,11705,1682,1064,1851
,,06/11/2024 16:37,11744,1643,1061,1854
,,06/11/2024 16:43,11731,1650,1067,1854
,,06/11/2024 16:52,11748,1625,1066,1863
,,06/11/2024 16:58,11764,1620,1065,1853
,,06/11/2024 17:07,11802,1588,1063,1849
,,06/11/2024 17:13,11821,1562,1068,1851
,,06/11/2024 17:22,11803,1544,1063,1892
,,06/11/2024 17:28,11838,1549,1064,1851
,,06/11/2024 17:37,11859,1524,1072,1847
,,06/11/2024 17:43,11892,1493,1070,1847
,,06/11/2024 17:52,11706,1475,1073,2048
,,06/11/2024 17:58,11907,1478,1071,1846
,,06/11/2024 18:07,11926,1491,1073,1812
,,06/11/2024 18:13,11937,1488,1072,1805
,,06/11/2024 18:22,11758,1470,1072,2002
,,06/11/2024 18:28,11961,1467,1070,1804
,,06/11/2024 18:37,11965,1473,1063,1801
,,06/11/2024 18:43,11967,1470,1063,1802
,,06/11/2024 18:52,11866,1441,1064,1931
,,06/11/2024 18:58,11989,1443,1064,1806
,,06/11/2024 19:07,12016,1420,1063,1803
,,06/11/2024 19:13,12029,1403,1064,1806
,,06/11/2024 19:22,12022,1413,1064,1803
,,06/11/2024 19:28,12033,1403,1064,1802
,,06/11/2024 19:37,12014,1421,1067,1800
,,06/11/2024 19:43,12023,1414,1067,1798
,,06/11/2024 19:52,12032,1419,1065,1786
,,06/11/2024 19:58,12046,1404,1065,1787
,,06/11/2024 20:07,12058,1389,1068,1792
,,06/11/2024 20:13,12074,1372,1069,1792
,,06/11/2024 20:22,12002,1351,1065,1889
,,06/11/2024 20:28,12103,1345,1067,1792
,,06/11/2024 20:37,12113,1338,1068,1788
,,06/11/2024 20:43,12123,1327,1066,1791
,,06/11/2024 20:52,12129,1310,1068,1800
,,06/11/2024 20:58,12157,1294,1066,1790
,,06/11/2024 21:07,12180,1271,1067,1789
,,06/11/2024 21:13,12207,1245,1066,1789
,,06/11/2024 21:22,12139,1215,1064,1889
,,06/11/2024 21:28,12238,1211,1065,1793
,,06/11/2024 21:37,12266,1181,1065,1795
,,06/11/2024 21:43,12296,1152,1061,1798
,,06/11/2024 21:52,12293,1152,1062,1800
,,06/11/2024 21:58,12300,1143,1066,1798
,,06/11/2024 22:07,12335,1109,1067,1796
,,06/11/2024 22:13,12341,1107,1065,1794
,,06/11/2024 22:22,12254,1078,1066,1909
,,06/11/2024 22:28,12380,1074,1064,1789
,,06/11/2024 22:37,12381,1071,1067,1788
,,06/11/2024 22:43,12390,1061,1068,1788
,,06/11/2024 22:52,12350,1047,1071,1839
,,06/11/2024 22:58,12401,1045,1069,1792
,,06/11/2024 23:07,12430,1013,1068,1796
,,06/11/2024 23:13,12434,1016,1066,1791
,,06/11/2024 23:22,12395,1003,1066,1843
,,06/11/2024 23:28,12441,1012,1064,1790
,,06/11/2024 23:37,12449,1005,1064,1789
,,06/11/2024 23:43,12451,1003,1064,1789
,,06/11/2024 23:52,12380,997,1064,1866
,,06/11/2024 23:58,12450,1004,1068,1785
,,07/11/2024 00:07,12457,998,1065,1787
,,07/11/2024 00:13,12465,994,1063,1785
,,07/11/2024 00:22,12355,988,1063,1901
,,07/11/2024 00:28,12472,988,1063,1784
,,07/11/2024 00:37,12474,989,1063,1781
,,07/11/2024 00:43,12472,991,1063,1781
,,07/11/2024 00:52,12455,989,1063,1800
,,07/11/2024 00:58,12461,990,1062,1794
,,07/11/2024 01:07,10647,787,1048,3823
,,07/11/2024 01:13,10673,790,1052,3790
,,07/11/2024 01:22,10687,795,1056,3767
,,07/11/2024 01:28,10689,801,1052,3763
,,07/11/2024 01:37,10696,801,1050,3758
,,07/11/2024 01:43,10709,801,1050,3745
,,07/11/2024 01:52,10722,805,1050,3728
,,07/11/2024 01:58,10726,806,1052,3721
,,07/11/2024 02:07,11812,923,1051,2519
,,07/11/2024 02:13,11838,922,1051,2494
,,07/11/2024 02:22,11700,912,1051,2642
,,07/11/2024 02:29,11848,922,1051,2484
,,07/11/2024 02:37,11842,925,1056,2482
,,07/11/2024 02:43,11852,926,1054,2473
,,07/11/2024 02:52,11855,925,1054,2471
,,07/11/2024 02:58,11858,928,1055,2464
,,07/11/2024 03:07,6717,536,430,3772
,,07/11/2024 03:13,6717,532,432,3774
,,07/11/2024 03:22,6542,525,432,3956
,,07/11/2024 03:28,6716,534,435,3770
,,07/11/2024 03:37,8280,643,454,2078
,,07/11/2024 03:43,8275,643,460,2077
,,07/11/2024 03:52,8103,634,453,2265
,,07/11/2024 03:58,8286,642,454,2073
,,07/11/2024 04:07,8286,642,454,2073
,,07/11/2024 04:13,8293,641,450,2071
,,07/11/2024 04:22,5412,413,130,4765
,,07/11/2024 04:28,8303,640,450,2069
,,07/11/2024 04:37,8302,641,451,2068
,,07/11/2024 04:43,8303,644,451,2064
,,07/11/2024 04:52,8304,640,454,2064
,,07/11/2024 05:03,8186,646,447,2183
,,07/11/2024 05:08,8187,643,447,2185
,,07/11/2024 05:18,8200,637,445,2180
,,07/11/2024 05:23,8186,645,453,2178
,,07/11/2024 05:33,8200,642,444,2176
,,07/11/2024 05:38,8161,642,482,2177
,,07/11/2024 05:48,8195,651,444,2172
,,07/11/2024 05:53,8190,658,443,2171
,,07/11/2024 06:03,8202,659,442,2159
,,07/11/2024 06:08,8196,662,442,2162
,,07/11/2024 06:18,8188,678,442,2154
,,07/11/2024 06:23,8196,680,442,2144
,,07/11/2024 06:33,8179,703,442,2138
,,07/11/2024 06:38,8175,711,443,2133
,,07/11/2024 06:48,8164,722,443,2133
,,07/11/2024 06:53,8160,723,445,2134
,,07/11/2024 07:03,8163,739,445,2115
,,07/11/2024 07:08,8150,756,445,2111
,,07/11/2024 07:18,8142,781,445,2094
,,07/11/2024 07:23,8126,799,443,2094
,,07/11/2024 07:33,8066,853,441,2102
,,07/11/2024 07:38,8053,869,441,2099
,,07/11/2024 07:48,8041,906,428,2087
,,07/11/2024 07:53,8036,916,428,2082
,,07/11/2024 08:03,7970,1003,428,2061
,,07/11/2024 08:08,7948,1031,430,2053
,,07/11/2024 08:18,7901,1096,429,2036
,,07/11/2024 08:23,7886,1119,429,2028
,,07/11/2024 08:33,7822,1198,432,2010
,,07/11/2024 08:38,7796,1224,435,2007
,,07/11/2024 08:48,7723,1302,437,2000
,,07/11/2024 08:53,7703,1326,436,1997
,,07/11/2024 09:03,7615,1418,442,1987
,,07/11/2024 09:08,7594,1443,444,1981
,,07/11/2024 09:18,7547,1495,439,1981
,,07/11/2024 09:23,7529,1516,443,1974
,,07/11/2024 09:33,7530,1525,443,1964
,,07/11/2024 09:38,7536,1522,443,1961
,,07/11/2024 09:48,7515,1544,445,1958
,,07/11/2024 09:53,7494,1568,447,1953
,,07/11/2024 10:03,7478,1588,449,1947
,,07/11/2024 10:08,7459,1611,450,1942
,,07/11/2024 10:18,7474,1603,448,1937
,,07/11/2024 10:23,7460,1618,450,1934
,,07/11/2024 10:33,7470,1619,453,1920
,,07/11/2024 10:38,7462,1626,453,1921
,,07/11/2024 10:48,7433,1619,457,1953
,,07/11/2024 10:53,7425,1626,459,1952
,,07/11/2024 11:03,7457,1619,456,1930
,,07/11/2024 11:08,7471,1627,457,1907
,,07/11/2024 11:18,7504,1602,456,1900
,,07/11/2024 11:23,7500,1608,451,1903
,,07/11/2024 11:33,7531,1566,452,1913
,,07/11/2024 11:38,7526,1572,452,1912
,,07/11/2024 11:48,7542,1558,453,1909
,,07/11/2024 11:53,7542,1569,452,1899
,,07/11/2024 12:03,7525,1604,450,1883
,,07/11/2024 12:08,7534,1592,451,1885
,,07/11/2024 12:18,7531,1599,453,1879
,,07/11/2024 12:23,7516,1615,455,1876
,,07/11/2024 12:33,7531,1601,458,1872
,,07/11/2024 12:38,7538,1597,450,1877
,,07/11/2024 12:48,7540,1596,452,1874
,,07/11/2024 12:53,7562,1574,453,1873
,,07/11/2024 13:04,7573,1563,454,1872
,,07/11/2024 13:08,7583,1554,453,1872
,,07/11/2024 13:18,7621,1519,452,1870
,,07/11/2024 13:23,7643,1507,453,1859
,,07/11/2024 13:33,7666,1488,443,1865
,,07/11/2024 13:38,7681,1478,443,1860
,,07/11/2024 13:48,7673,1481,446,1862
,,07/11/2024 13:53,7675,1485,448,1854
,,07/11/2024 14:03,7679,1494,452,1837
,,07/11/2024 14:08,7681,1494,452,1836
,,07/11/2024 14:18,7680,1489,449,1845
,,07/11/2024 14:23,7683,1491,447,1842
,,07/11/2024 14:33,7687,1503,451,1822
,,07/11/2024 14:38,7676,1514,451,1822
,,07/11/2024 14:48,7701,1495,449,1818
,,07/11/2024 14:53,7700,1500,449,1814
,,07/11/2024 15:04,7690,1501,461,1811
,,07/11/2024 15:08,7702,1491,461,1809
,,07/11/2024 15:18,7734,1465,459,1805
,,07/11/2024 15:23,7734,1465,459,1805
,,07/11/2024 15:33,7746,1463,454,1800
,,07/11/2024 15:38,7753,1454,457,1799
,,07/11/2024 15:48,7770,1439,456,1798
,,07/11/2024 15:53,7791,1417,455,1800
,,07/11/2024 16:03,7827,1387,460,1789
,,07/11/2024 16:08,7831,1374,464,1794
,,07/11/2024 16:18,7853,1355,463,1792
,,07/11/2024 16:23,7870,1341,461,1791
,,07/11/2024 16:33,7883,1317,457,1806
,,07/11/2024 16:38,7882,1318,457,1806
,,07/11/2024 16:48,7891,1308,459,1805
,,07/11/2024 16:53,7893,1310,457,1803
,,07/11/2024 17:03,7935,1277,454,1797
,,07/11/2024 17:08,7927,1278,464,1794
,,07/11/2024 17:18,7959,1247,466,1791
,,07/11/2024 17:23,7965,1237,467,1794
,,07/11/2024 17:33,7972,1225,469,1797
,,07/11/2024 17:38,7979,1219,468,1797
,,07/11/2024 17:48,8008,1191,467,1797
,,07/11/2024 17:53,8019,1181,465,1798
,,07/11/2024 18:03,8021,1190,463,1789
,,07/11/2024 18:08,8064,1181,464,1754
,,07/11/2024 18:18,8100,1146,464,1753
,,07/11/2024 18:24,8089,1153,466,1755
,,07/11/2024 18:33,8086,1162,465,1750
,,07/11/2024 18:38,8082,1168,464,1749
,,07/11/2024 18:48,8080,1161,465,1757
,,07/11/2024 18:53,8077,1163,468,1755
,,07/11/2024 19:03,8111,1138,471,1743
,,07/11/2024 19:08,8105,1145,472,1741
,,07/11/2024 19:18,8128,1126,470,1739
,,07/11/2024 19:23,8127,1129,469,1738
,,07/11/2024 19:33,8147,1102,472,1742
,,07/11/2024 19:38,8146,1103,473,1741
,,07/11/2024 19:48,8168,1083,471,1741
,,07/11/2024 19:53,8167,1089,469,1738
,,07/11/2024 20:03,8162,1092,471,1738
,,07/11/2024 20:08,8162,1085,477,1758
,,07/11/2024 20:18,8184,1071,471,1756
,,07/11/2024 20:23,8189,1063,471,1759
,,07/11/2024 20:33,8211,1042,475,1754
,,07/11/2024 20:38,8228,1027,473,1754
,,07/11/2024 20:48,8230,1012,487,1753
,,07/11/2024 20:53,8256,998,475,1753
,,07/11/2024 21:03,8277,978,470,1757
,,07/11/2024 21:08,8298,959,470,1755
,,07/11/2024 21:18,8302,946,472,1762
,,07/11/2024 21:23,8314,937,468,1763
,,07/11/2024 21:33,8351,899,465,1767
,,07/11/2024 21:38,8357,892,465,1768
,,07/11/2024 21:48,8377,871,465,1769
,,07/11/2024 21:53,8379,869,465,1769
,,07/11/2024 22:03,8417,826,467,1772
,,07/11/2024 22:08,8439,812,468,1763
,,07/11/2024 22:18,8462,791,465,1764
,,07/11/2024 22:23,8470,780,464,1768
,,07/11/2024 22:33,8508,742,465,1767
,,07/11/2024 22:38,8518,727,466,1771
,,07/11/2024 22:48,8542,724,462,1754
,,07/11/2024 22:53,8544,713,471,1754
,,07/11/2024 23:03,8551,713,463,1755
,,07/11/2024 23:08,8557,706,464,1755
,,07/11/2024 23:18,8572,693,463,1754
,,07/11/2024 23:23,8584,681,463,1754
,,07/11/2024 23:33,8589,676,465,1752
,,07/11/2024 23:38,8584,676,465,1757
,,07/11/2024 23:48,8585,669,467,1761
,,07/11/2024 23:53,8590,662,469,1761
,,08/11/2024 00:03,8605,663,464,1750
,,08/11/2024 00:08,8610,659,463,1750
,,08/11/2024 00:18,8616,656,462,1748
,,08/11/2024 00:23,8616,656,462,1748
,,08/11/2024 00:33,8617,654,462,1749
,,08/11/2024 00:38,8618,652,462,1750
,,08/11/2024 00:48,8626,646,461,1749
,,08/11/2024 00:53,8629,643,461,1749
,,08/11/2024 01:03,8911,638,479,1457
,,08/11/2024 01:08,8908,639,479,1459
,,08/11/2024 01:18,8913,634,480,1458
,,08/11/2024 01:23,8916,631,481,1457
,,08/11/2024 01:33,8913,632,482,1458
,,08/11/2024 01:38,8915,633,480,1457
,,08/11/2024 01:48,8919,628,481,1457
,,08/11/2024 01:53,8918,625,485,1457
,,08/11/2024 02:03,8912,628,484,1461
,,08/11/2024 02:08,8912,628,484,1461
,,08/11/2024 02:18,8902,634,484,1465
,,08/11/2024 02:23,8906,629,485,1465
,,08/11/2024 02:33,8914,630,480,1461
,,08/11/2024 02:38,8913,633,480,1459
,,08/11/2024 02:48,8910,632,484,1459
,,08/11/2024 02:53,8909,633,482,1461
,,08/11/2024 03:03,7072,519,415,8384
,,08/11/2024 03:08,11253,850,1068,3219
,,08/11/2024 03:18,11249,851,1068,3222
,,08/11/2024 03:24,11253,855,1064,3218
,,08/11/2024 03:33,12839,951,1076,1524
,,08/11/2024 03:38,12839,951,1076,1524
,,08/11/2024 03:48,12839,952,1075,1524
,,08/11/2024 03:53,12838,950,1077,1525
,,08/11/2024 04:03,12840,946,1079,1525
,,08/11/2024 04:08,12844,944,1077,1525
,,08/11/2024 04:18,10051,738,743,2716
,,08/11/2024 04:25,10052,737,744,4916
,,08/11/2024 04:33,12849,938,1135,1527
,,08/11/2024 04:38,12848,939,1135,1527
,,08/11/2024 04:48,12844,945,1135,1525
,,08/11/2024 04:53,12843,946,1135,1525
,,08/11/2024 05:03,12763,944,1127,1615
,,08/11/2024 05:08,12739,944,1127,1639
,,08/11/2024 05:18,12739,945,1127,1638
,,08/11/2024 05:23,12733,950,1131,1635
,,08/11/2024 05:33,12732,946,1139,1632
,,08/11/2024 05:38,12734,942,1140,1633
,,08/11/2024 05:48,12725,952,1143,1629
,,08/11/2024 05:53,12725,956,1142,1626
,,08/11/2024 06:03,12700,977,1137,1635
,,08/11/2024 06:08,12690,987,1137,1635
,,08/11/2024 06:18,12691,995,1133,1630
,,08/11/2024 06:23,12686,1000,1131,1632
,,08/11/2024 06:33,12671,1016,1134,1628
,,08/11/2024 06:38,12666,1024,1131,1628
,,08/11/2024 06:48,12638,1044,1138,1629
,,08/11/2024 06:53,12638,1051,1135,1625
,,08/11/2024 07:03,12604,1088,1133,1624
,,08/11/2024 07:08,12596,1105,1130,1618
,,08/11/2024 07:18,12595,1114,1129,1611
,,08/11/2024 07:23,12573,1125,1129,1622
,,08/11/2024 07:33,12523,1182,1131,1613
,,08/11/2024 07:38,12492,1195,1130,1632
,,08/11/2024 07:48,12457,1242,1134,1616
,,08/11/2024 07:53,12417,1279,1134,1619
,,08/11/2024 08:03,12355,1354,1132,1608
,,08/11/2024 08:08,12324,1392,1132,1601
,,08/11/2024 08:18,12257,1462,1132,1598
,,08/11/2024 08:23,12235,1481,1131,1602
,,08/11/2024 08:33,12162,1561,1127,1599
,,08/11/2024 08:38,12142,1589,1125,1593
,,08/11/2024 08:52,11974,1632,1127,1716
,,08/11/2024 08:58,12054,1677,1127,1591
,,08/11/2024 09:07,11988,1742,1129,1590
,,08/11/2024 09:13,11956,1775,1131,1587
,,08/11/2024 09:22,11944,1788,1131,1586
,,08/11/2024 09:28,11925,1803,1134,1587
,,08/11/2024 09:37,11901,1831,1134,1583
,,08/11/2024 09:44,11893,1839,1134,1583
,,08/11/2024 09:52,11752,1850,1131,1716
,,08/11/2024 09:58,11880,1858,1131,1580
,,08/11/2024 10:07,11901,1855,1130,1563
,,08/11/2024 10:13,11897,1860,1130,1562
,,08/11/2024 10:22,11830,1852,1132,1635
,,08/11/2024 10:28,11882,1872,1132,1563
,,08/11/2024 10:37,11857,1881,1134,1577
,,08/11/2024 10:43,11850,1891,1137,1576
,,08/11/2024 10:52,11814,1900,1134,1606
,,08/11/2024 10:58,11855,1893,1139,1567
,,08/11/2024 11:07,11879,1876,1134,1565
,,08/11/2024 11:13,11860,1896,1133,1569
,,08/11/2024 11:22,11792,1884,1133,1649
,,08/11/2024 11:28,11905,1859,1138,1556
,,08/11/2024 11:37,11929,1833,1137,1559
,,08/11/2024 11:43,11941,1818,1139,1560
,,08/11/2024 11:52,11903,1827,1143,1585
,,08/11/2024 11:58,11930,1827,1143,1558
,,08/11/2024 12:07,11909,1850,1146,1553
,,08/11/2024 12:13,11908,1850,1144,1556
,,08/11/2024 12:22,11821,1835,1140,1662
,,08/11/2024 12:28,11900,1862,1139,1557
,,08/11/2024 12:37,11895,1872,1136,1555
,,08/11/2024 12:43,11903,1864,1136,1555
,,08/11/2024 12:52,11857,1824,1141,1636
,,08/11/2024 12:58,11958,1815,1142,1543
,,08/11/2024 13:07,11988,1788,1137,1545
,,08/11/2024 13:13,11975,1802,1140,1541
,,08/11/2024 13:22,11863,1777,1138,1680
,,08/11/2024 13:28,11984,1797,1140,1537
,,08/11/2024 13:37,11987,1794,1141,1536
,,08/11/2024 13:43,11969,1810,1143,1536
,,08/11/2024 13:53,11987,1796,1143,1533
,,08/11/2024 13:58,11963,1820,1143,1533
,,08/11/2024 14:07,11978,1810,1143,1528
,,08/11/2024 14:13,11984,1799,1143,1533
,,08/11/2024 14:22,11945,1771,1143,1600
,,08/11/2024 14:33,11999,1789,1144,1527
,,08/11/2024 14:38,12011,1779,1144,1525
,,08/11/2024 14:48,12014,1777,1141,1527
,,08/11/2024 14:53,12013,1775,1143,1528
,,08/11/2024 15:03,12030,1763,1141,1525
,,08/11/2024 15:08,12035,1752,1141,1531
,,08/11/2024 15:18,12058,1719,1142,1540
,,08/11/2024 15:23,12064,1718,1143,1534
,,08/11/2024 15:33,12073,1703,1145,1538
,,08/11/2024 15:38,12087,1698,1143,1531
,,08/11/2024 15:48,12063,1720,1142,1534
,,08/11/2024 15:53,12051,1728,1145,1535
,,08/11/2024 16:03,12071,1706,1143,1539
,,08/11/2024 16:13,12084,1690,1144,1541
,,08/11/2024 16:22,12061,1690,1143,1565
,,08/11/2024 16:28,12138,1650,1142,1529
,,08/11/2024 16:37,12163,1625,1141,1530
,,08/11/2024 16:43,12169,1620,1141,1529
,,08/11/2024 16:52,12105,1591,1138,1625
,,08/11/2024 16:58,12189,1598,1139,1533
,,08/11/2024 17:07,12206,1576,1143,1534
,,08/11/2024 17:13,12195,1589,1141,1534
,,08/11/2024 17:22,12211,1573,1141,1534
,,08/11/2024 17:28,12200,1585,1141,1533
,,08/11/2024 17:37,12190,1585,1142,1542
,,08/11/2024 17:43,12193,1588,1140,1538
,,08/11/2024 17:52,12211,1567,1142,1539
,,08/11/2024 17:58,12208,1566,1142,1543
,,08/11/2024 18:07,12232,1584,1140,1503
,,08/11/2024 18:13,12251,1565,1139,1504
,,08/11/2024 18:22,12157,1543,1140,1619
,,08/11/2024 18:28,12251,1567,1140,1501
,,08/11/2024 18:37,12302,1525,1138,1494
,,08/11/2024 18:43,12324,1499,1140,1496
,,08/11/2024 18:52,12276,1502,1137,1544
,,08/11/2024 18:58,12321,1510,1135,1493
,,08/11/2024 19:07,12326,1509,1133,1491
,,08/11/2024 19:13,12330,1497,1140,1492
,,08/11/2024 19:22,12232,1472,1134,1621
,,08/11/2024 19:28,12350,1480,1138,1491
,,08/11/2024 19:37,12364,1465,1138,1492
,,08/11/2024 19:43,12362,1467,1138,1492
,,08/11/2024 19:52,12308,1474,1137,1540
,,08/11/2024 19:58,12355,1475,1138,1491
,,08/11/2024 20:07,12381,1470,1133,1491
,,08/11/2024 20:13,12380,1464,1139,1492
,,08/11/2024 20:22,12404,1440,1140,1491
,,08/11/2024 20:28,12410,1437,1138,1490
,,08/11/2024 20:37,12425,1427,1135,1488
,,08/11/2024 20:43,12438,1417,1135,1485
,,08/11/2024 20:52,12423,1410,1135,1507
,,08/11/2024 20:58,12454,1402,1135,1484
,,08/11/2024 21:07,12495,1362,1135,1483
,,08/11/2024 21:13,12492,1361,1137,1486
,,08/11/2024 21:22,12429,1321,1135,1591
,,08/11/2024 21:28,12529,1324,1137,1486
,,08/11/2024 21:37,12568,1284,1140,1484
,,08/11/2024 21:43,12571,1282,1139,1484
,,08/11/2024 21:52,12562,1255,1134,1525
,,08/11/2024 21:58,12604,1251,1137,1484
,,08/11/2024 22:07,12613,1238,1137,1488
,,08/11/2024 22:13,12618,1234,1136,1488
,,08/11/2024 22:22,12535,1202,1133,1606
,,08/11/2024 22:28,12649,1209,1133,1485
,,08/11/2024 22:37,12663,1191,1134,1488
,,08/11/2024 22:43,12688,1166,1133,1489
,,08/11/2024 22:52,12668,1155,1133,1520
,,08/11/2024 22:59,12704,1145,1138,1489
,,08/11/2024 23:07,12708,1141,1138,1489
,,08/11/2024 23:13,12712,1137,1138,1489
,,08/11/2024 23:22,12642,1110,1138,1586
,,08/11/2024 23:28,12721,1126,1140,1489
,,08/11/2024 23:37,12743,1102,1139,1492
,,08/11/2024 23:43,12749,1096,1139,1492
,,08/11/2024 23:52,12745,1082,1139,1510
,,08/11/2024 23:58,12765,1083,1134,1494
,,09/11/2024 00:07,12744,1079,1132,1521
